dataset,task,split,seed,coverage,coverage_weighted,ess_frac,ess_fallback,conf_width,full_risk,eaurc_ens,eaurc_ad,sel_risk80_ad,sel_risk80_ens,test_pos_or_ymean,n_test
ames,classification,random,0,0.900137741046832,0.8980716253443526,0.9957836378019371,False,1.2052341597796143,0.17768595041322313,0.062456841864113946,0.10842449874410674,0.14629948364888123,0.13080895008605853,0.5558,1452
ames,classification,random,1,0.90633608815427,0.90633608815427,0.9670155197972792,False,1.2224517906336088,0.1921487603305785,0.07622309676461193,0.11114460663636648,0.1703958691910499,0.14802065404475043,0.5503,1452
ames,classification,random,2,0.8925619834710744,0.8911845730027548,0.9837891744396656,False,1.21900826446281,0.18457300275482094,0.07531716565672375,0.10704256294222947,0.1686746987951807,0.14888123924268504,0.5296,1452
ames,classification,random,3,0.9159779614325069,0.9159779614325069,0.9826678644358334,False,1.241046831955923,0.17768595041322313,0.07754677142956848,0.10822380435129912,0.16609294320137694,0.14629948364888123,0.5517,1452
ames,classification,random,4,0.8801652892561983,0.8801652892561983,0.9845809198229829,False,1.1783746556473829,0.19834710743801653,0.08340945032149572,0.11402352846475944,0.1729776247848537,0.16437177280550774,0.5351,1452
ames,classification,scaffold,0,0.9008264462809917,0.9008264462809917,0.9936943962404708,False,1.4662534435261707,0.2988980716253444,0.1617862457260993,0.20725225934335167,0.2693631669535284,0.270223752151463,0.4539,1452
ames,classification,scaffold,1,0.9008264462809917,0.9008264462809917,0.9755504952008036,False,1.475206611570248,0.3071625344352617,0.16015699011677964,0.1809263717902887,0.28141135972461273,0.27710843373493976,0.4532,1452
ames,classification,scaffold,2,0.9090909090909091,0.9090909090909091,0.9908906123232104,False,1.4979338842975207,0.2878787878787879,0.16585031633459862,0.2022705895374523,0.26506024096385544,0.26161790017211706,0.4401,1452
ames,classification,scaffold,3,0.8925619834710744,0.8925619834710744,0.9864080608865863,False,1.4490358126721763,0.2940771349862259,0.1575014091710611,0.1937177685815646,0.2676419965576592,0.27452667814113596,0.4449,1452
ames,classification,scaffold,4,0.8987603305785123,0.8987603305785123,0.9723080515772434,False,1.4786501377410468,0.29132231404958675,0.1521617244660537,0.189710728142309,0.2685025817555938,0.2633390705679862,0.4477,1452
ames,classification,cluster,0,0.9022038567493113,0.9022038567493113,0.8862240836335836,False,1.5213498622589532,0.29958677685950413,0.18413136822102552,0.2117690673460849,0.2822719449225473,0.27538726333907054,0.3912,1452
ames,classification,cluster,1,0.9022038567493113,0.8918732782369146,0.905978385061006,False,1.5296143250688705,0.30303030303030304,0.16910906071905954,0.21348358741727355,0.2874354561101549,0.27796901893287435,0.3884,1452
ames,classification,cluster,2,0.8946280991735537,0.8842975206611571,0.8753003970992066,False,1.5172176308539944,0.31955922865013775,0.17786544633403983,0.21979847907093525,0.3029259896729776,0.2908777969018933,0.3919,1452
ames,classification,cluster,3,0.9366391184573003,0.9352617079889807,0.9189055195389102,False,1.628787878787879,0.29820936639118456,0.15926688932698005,0.21015579683034208,0.2848537005163511,0.27796901893287435,0.3843,1452
ames,classification,cluster,4,0.9090909090909091,0.9090909090909091,0.933336786350315,False,1.5792011019283747,0.3174931129476584,0.16641320556132136,0.23270648509756012,0.3046471600688468,0.29001721170395867,0.3829,1452
bbb_martins,classification,random,0,0.9191919191919192,0.9141414141414141,0.9313998578397906,False,1.0606060606060606,0.10353535353535354,0.03167527846481573,0.07632785417622992,0.07886435331230283,0.06309148264984227,0.7727,396
bbb_martins,classification,random,1,0.8661616161616161,0.8636363636363636,0.9763062987797955,False,1.0404040404040404,0.14646464646464646,0.04140445397943621,0.10269421138878729,0.13249211356466878,0.08201892744479496,0.75,396
bbb_martins,classification,random,2,0.9494949494949495,0.9444444444444444,0.9682267769359636,False,1.1742424242424243,0.1111111111111111,0.027491138637500235,0.07873998056117716,0.0914826498422713,0.06309148264984227,0.7778,396
bbb_martins,classification,random,3,0.9343434343434344,0.9343434343434344,0.9384141246355856,False,1.1085858585858586,0.09848484848484848,0.022739080000820804,0.05485290891265787,0.08201892744479496,0.050473186119873815,0.7753,396
bbb_martins,classification,random,4,0.9166666666666666,0.9166666666666666,0.9354822463980248,False,1.0757575757575757,0.1111111111111111,0.030968362994171657,0.07229845973127283,0.0946372239747634,0.05993690851735016,0.7879,396
bbb_martins,classification,scaffold,0,0.9090909090909091,0.9065656565656566,0.988044875361868,False,1.1161616161616161,0.12878787878787878,0.0438631613742264,0.09414927207970461,0.11041009463722397,0.0914826498422713,0.7576,396
bbb_martins,classification,scaffold,1,0.9040404040404041,0.9015151515151515,0.9741071611732439,False,1.0909090909090908,0.1414141414141414,0.036562348743083076,0.0802612316986917,0.10725552050473186,0.08201892744479496,0.7803,396
bbb_martins,classification,scaffold,2,0.9393939393939394,0.9292929292929293,0.9777357525933837,False,1.1691919191919191,0.14393939393939395,0.031136468948603897,0.11250570115309098,0.12933753943217666,0.05993690851735016,0.7854,396
bbb_martins,classification,scaffold,3,0.9444444444444444,0.9444444444444444,0.9276862950671286,False,1.1388888888888888,0.1111111111111111,0.021098672360636696,0.07535198878898251,0.07570977917981073,0.056782334384858045,0.8005,396
bbb_martins,classification,scaffold,4,0.8939393939393939,0.8939393939393939,0.9489565626472861,False,1.0631313131313131,0.12878787878787878,0.04490890390054694,0.10524017254536033,0.10725552050473186,0.0946372239747634,0.7778,396
bbb_martins,classification,cluster,0,0.8661616161616161,0.851010101010101,0.8999054698556876,False,1.0984848484848484,0.18686868686868688,0.08773661069446448,0.11613077490392018,0.15457413249211358,0.13564668769716087,0.8005,396
bbb_martins,classification,cluster,1,0.7878787878787878,0.7954545454545454,0.8915381604493495,False,0.946969696969697,0.19444444444444445,0.07938028954052741,0.10471654739193735,0.1608832807570978,0.12618296529968454,0.8056,396
bbb_martins,classification,cluster,2,0.8080808080808081,0.8005050505050505,0.9409540390380754,False,0.9747474747474747,0.17929292929292928,0.08802698570224646,0.10874698342382584,0.1640378548895899,0.12933753943217666,0.798,396
bbb_martins,classification,cluster,3,0.8686868686868687,0.8686868686868687,0.9820708381881978,False,1.0984848484848484,0.18181818181818182,0.07446907093717309,0.09249994601585113,0.15141955835962145,0.12302839116719243,0.798,396
bbb_martins,classification,cluster,4,0.8661616161616161,0.8661616161616161,0.8399276115312652,False,1.101010101010101,0.17929292929292928,0.0918992224039829,0.09835893936200878,0.15141955835962145,0.13564668769716087,0.798,396
bioavailability_ma,classification,random,0,0.9375,0.9375,0.6283219784021679,False,1.4609375,0.2109375,0.10286738736845795,0.139792384513509,0.20388349514563106,0.17475728155339806,0.7734,128
bioavailability_ma,classification,random,1,0.8984375,0.859375,0.9849683647455632,False,1.3125,0.171875,0.13196994989417665,0.15480521241688774,0.18446601941747573,0.18446601941747573,0.7812,128
bioavailability_ma,classification,random,2,0.9453125,0.9453125,0.8518280605660781,False,1.5234375,0.21875,0.12245062316782997,0.16043922352318643,0.23300970873786409,0.1941747572815534,0.7656,128
bioavailability_ma,classification,random,3,0.8984375,0.8984375,0.7275875543853508,False,1.1640625,0.1640625,0.07286698724805593,0.14342866698073342,0.1553398058252427,0.0970873786407767,0.8438,128
bioavailability_ma,classification,random,4,0.8984375,0.8984375,0.8263156930165129,False,1.46875,0.265625,0.12446726993765765,0.19529466418492614,0.2912621359223301,0.23300970873786409,0.7422,128
bioavailability_ma,classification,scaffold,0,0.953125,0.953125,0.992454751555419,False,1.578125,0.25,0.09046763320682202,0.19983007515337686,0.2621359223300971,0.18446601941747573,0.75,128
bioavailability_ma,classification,scaffold,1,0.84375,0.84375,0.9861650545615974,False,1.2734375,0.25,0.176275219369343,0.1574105742906971,0.22330097087378642,0.1941747572815534,0.7031,128
bioavailability_ma,classification,scaffold,2,0.8828125,0.8828125,0.9971639910425106,False,1.3984375,0.28125,0.1364962400772513,0.2760245695831219,0.27184466019417475,0.21359223300970873,0.7812,128
bioavailability_ma,classification,scaffold,3,0.8984375,0.8984375,0.734772345774924,False,1.34375,0.203125,0.10892892904718608,0.19136246734216747,0.20388349514563106,0.17475728155339806,0.7734,128
bioavailability_ma,classification,scaffold,4,0.921875,0.921875,0.9117876898921581,False,1.53125,0.21875,0.1186381165037891,0.170488297457455,0.20388349514563106,0.20388349514563106,0.7891,128
bioavailability_ma,classification,cluster,0,0.9609375,0.9609375,0.8456079168429952,False,1.7109375,0.203125,0.11349530208304996,0.16992548524202958,0.18446601941747573,0.13592233009708737,0.7734,128
bioavailability_ma,classification,cluster,1,0.953125,0.9375,0.8724927145977192,False,1.609375,0.1796875,0.11268590910684688,0.1924207738719011,0.1941747572815534,0.1650485436893204,0.7812,128
bioavailability_ma,classification,cluster,2,0.9375,0.8828125,0.8037519287044171,False,1.6484375,0.2109375,0.15494026545438722,0.2288914938695557,0.20388349514563106,0.20388349514563106,0.7656,128
bioavailability_ma,classification,cluster,3,0.953125,0.953125,0.48736004685734474,False,1.671875,0.2265625,0.15544350600590423,0.23610266228485008,0.21359223300970873,0.18446601941747573,0.75,128
bioavailability_ma,classification,cluster,4,0.9140625,0.9140625,0.9980754652742706,False,1.53125,0.2421875,0.1599757817679529,0.24375130611081391,0.24271844660194175,0.1941747572815534,0.7422,128
caco2_wang,regression,random,0,0.8956043956043956,0.8956043956043956,0.9579950200252471,False,1.5143204434448236,0.33212913510688513,0.14234532142935166,0.14334503862559547,0.31735014419580737,0.29681407896297923,-5.201,182
caco2_wang,regression,random,1,0.967032967032967,0.967032967032967,0.9531109934836205,False,1.8103112620239266,0.29857550471573713,0.12217657866127546,0.12081920470869503,0.2771340728306182,0.27538282593956503,-5.2195,182
caco2_wang,regression,random,2,0.9120879120879121,0.9010989010989011,0.9046402204367636,False,1.663754520959472,0.3527372732252854,0.12669328770953486,0.14228053753693737,0.32861286430450853,0.31372656628468126,-5.2123,182
caco2_wang,regression,random,3,0.9395604395604396,0.9560439560439561,0.9565539747404164,False,1.69817738791504,0.3079372368541676,0.12527801709490893,0.11217783618984918,0.267405804828299,0.2761858242468011,-5.2693,182
caco2_wang,regression,random,4,0.9010989010989011,0.8351648351648352,0.7978449015796402,False,1.4573431581787109,0.3449222584811872,0.13759044714544616,0.13292822498447415,0.32274507170441524,0.3319833716898252,-5.2454,182
caco2_wang,regression,scaffold,0,0.9285714285714286,0.9285714285714286,0.9923435514996031,False,2.051542272839356,0.41499790551513,0.2025601789910611,0.20143563026791517,0.4186466396763213,0.40215422753249896,-5.1604,182
caco2_wang,regression,scaffold,1,0.8956043956043956,0.8956043956043956,0.964733420967945,False,1.7612342901367182,0.4190694261191902,0.20246220981319812,0.23066414211650338,0.4392733531911352,0.40473524922798876,-5.1707,182
caco2_wang,regression,scaffold,2,0.9010989010989011,0.9010989010989011,0.982050118739272,False,1.8685188712280283,0.4288680228904138,0.22857090723764026,0.23888468310247232,0.4533637176904757,0.41386961026634317,-5.201,182
caco2_wang,regression,scaffold,3,0.7802197802197802,0.8131868131868132,0.9518900784634388,False,1.3943147473999016,0.46354827725233144,0.17420243867923643,0.23611718026193426,0.47857291130320917,0.4343989986544256,-5.221,182
caco2_wang,regression,scaffold,4,0.9285714285714286,0.9340659340659341,0.9806519187500197,False,1.8669280428222663,0.41211325334144,0.21429965581508373,0.17852710592562662,0.40762567160230656,0.3755339806477167,-5.1931,182
caco2_wang,regression,cluster,0,0.9725274725274725,0.9725274725274725,0.9474677336702126,False,2.2026396000976565,0.43162947428961107,0.19028541679906313,0.22985054152289858,0.4230934118869728,0.41528431324634296,-5.0381,182
caco2_wang,regression,cluster,1,0.8956043956043956,0.8956043956043956,0.8435506607218084,False,1.9505585675903312,0.4599261588340339,0.22491598777494384,0.26037282669509765,0.45090928902052774,0.4567791681903994,-5.0439,182
caco2_wang,regression,cluster,2,0.9340659340659341,0.9505494505494505,0.7280389831383206,False,2.1222047239013673,0.45705841100460504,0.2536212950946051,0.2453391674997225,0.45169296765224476,0.4463280086302038,-5.0498,182
caco2_wang,regression,cluster,3,0.9175824175824175,0.9395604395604396,0.8503794156211264,False,1.9589424700073241,0.45301879956624796,0.25592625674632397,0.24701116288507846,0.45614571970398754,0.4439490170826112,-5.0179,182
caco2_wang,regression,cluster,4,0.9615384615384616,0.9615384615384616,0.9731615148177988,False,2.21294789451904,0.45240258781077614,0.21740075750959192,0.23253836190912042,0.4386489993103865,0.43333307164059964,-5.0082,182
clearance_hepatocyte_az,regression,random,0,0.8823529411764706,0.8823529411764706,0.926686970884347,False,156.03578186035156,34.79371928862497,13.80169626931339,12.473138575403825,31.863896509874156,33.512294877244216,39.657,204
clearance_hepatocyte_az,regression,random,1,0.8627450980392157,0.8627450980392157,0.9709154221400131,False,122.83109527587891,31.120772890889757,12.632778595337468,12.822228045339996,28.852095264614352,30.112969830483184,44.2033,204
clearance_hepatocyte_az,regression,random,2,0.9264705882352942,0.9264705882352942,0.984221836119249,False,172.5625762939453,29.790047401622225,13.45096426502001,17.697498651421093,29.100904525314878,27.70799338653319,41.0329,204
clearance_hepatocyte_az,regression,random,3,0.9362745098039216,0.9362745098039216,0.9839053687382683,False,173.3524169921875,30.158887083904414,14.516607608678392,15.400165410100527,29.900678155422213,28.320919001683965,45.6494,204
clearance_hepatocyte_az,regression,random,4,0.9068627450980392,0.9068627450980392,0.9369486828305681,False,149.2030029296875,31.601608248563373,13.66343016679513,12.751095838252468,29.268946512167048,29.417031353406788,43.1672,204
clearance_hepatocyte_az,regression,scaffold,0,0.9264705882352942,0.9509803921568627,0.8457054967517554,False,158.284423828125,34.85743325276264,16.763181684018633,16.242946830857395,34.13076687924202,32.612027115074966,44.5556,204
clearance_hepatocyte_az,regression,scaffold,1,0.8774509803921569,0.8774509803921569,0.965732161663742,False,160.68323120117188,38.613614039701574,22.433829309845834,15.955966967804159,36.60154669482533,39.2658382587898,47.4149,204
clearance_hepatocyte_az,regression,scaffold,2,0.9607843137254902,0.9607843137254902,0.9931731663599583,False,189.2319793701172,32.951775322200035,15.751286920540966,18.164368971719032,32.17799608085938,31.739546455123072,45.4405,204
clearance_hepatocyte_az,regression,scaffold,3,0.8970588235294118,0.9019607843137255,0.8686807184139652,False,171.32477722167968,37.612380003122716,17.116041875345392,17.704010702699016,37.03509520395499,37.17598469668771,40.8989,204
clearance_hepatocyte_az,regression,scaffold,4,0.8725490196078431,0.8725490196078431,0.697513530703549,False,144.72726806640625,35.67764717278235,16.26311597782994,16.09683389492386,33.690865877179846,33.58655282530479,44.5213,204
clearance_hepatocyte_az,regression,cluster,0,0.8627450980392157,0.8774509803921569,0.7544489903937535,False,155.72843505859376,41.337834746697375,23.72175527515502,21.317302488103657,40.93403549764212,41.116678936074415,49.8039,204
clearance_hepatocyte_az,regression,cluster,1,0.9313725490196079,0.9313725490196079,0.9118809650252019,False,195.21641204833983,38.13807227170351,18.702903394820947,20.498903006585966,38.59120315084368,36.09408112686582,44.0399,204
clearance_hepatocyte_az,regression,cluster,2,0.946078431372549,0.946078431372549,0.9345075320183406,False,193.32662200927734,37.94839517771029,18.53368985029001,18.835856086719396,37.53380468124295,37.351350134175,43.2327,204
clearance_hepatocyte_az,regression,cluster,3,0.9117647058823529,0.9117647058823529,0.9973848775330035,False,183.3895034790039,37.03270627104769,20.678952836315506,20.016735161352106,37.52385621576772,36.08191967555662,43.2744,204
clearance_hepatocyte_az,regression,cluster,4,0.8921568627450981,0.8823529411764706,0.9100691265857525,False,169.21524047851562,38.394379144416135,19.612611801444793,22.9570094351853,38.003199214092106,38.797943552819696,46.1339,204
clearance_microsome_az,regression,random,0,0.8914027149321267,0.8914027149321267,0.9093876112296787,False,128.25075317382812,28.651856002980225,8.934618099441444,13.042627104502294,27.38882031745157,24.692743511092196,33.3668,221
clearance_microsome_az,regression,random,1,0.9411764705882353,0.918552036199095,0.9122965156421229,False,188.0872344970703,29.22760146866557,9.169456927726305,12.343622632846305,26.726298442028337,24.824739703115103,29.7786,221
clearance_microsome_az,regression,random,2,0.8823529411764706,0.8823529411764706,0.8609197075132133,False,147.02490234375,29.942498165633342,9.724069382039493,9.710862188832293,26.611962095748233,25.03842170646634,36.339,221
clearance_microsome_az,regression,random,3,0.9638009049773756,0.9638009049773756,0.8895913200174745,False,177.8656234741211,24.288325393847213,7.800700270233382,9.798761295336227,20.483594450263656,21.4027450193389,33.9038,221
clearance_microsome_az,regression,random,4,0.8506787330316742,0.8506787330316742,0.8394051534644515,False,103.98287963867188,28.160856357434454,9.20247885872157,12.295726841930417,26.8073130369119,22.43114018005734,36.9305,221
clearance_microsome_az,regression,scaffold,0,0.8959276018099548,0.8868778280542986,0.9005768550350597,False,151.69630432128906,32.02833291567289,15.252374125686092,12.183432806725108,30.596382354100548,30.46423736917097,37.5368,221
clearance_microsome_az,regression,scaffold,1,0.918552036199095,0.9230769230769231,0.9844524497589511,False,164.71620178222656,33.30327996052633,12.756476616074394,17.224864788573466,34.71830980003722,28.974995112168234,36.6275,221
clearance_microsome_az,regression,scaffold,2,0.8914027149321267,0.8959276018099548,0.8689839099293747,False,164.15090942382812,34.8717020716117,16.28888213530496,14.847580394248183,34.25784532997567,32.84731896173483,42.5937,221
clearance_microsome_az,regression,scaffold,3,0.8823529411764706,0.8823529411764706,0.9998554370106599,False,150.9811248779297,35.00140281289209,17.597108115528854,17.084801966178606,33.66412421415503,33.14461796507744,43.7277,221
clearance_microsome_az,regression,scaffold,4,0.832579185520362,0.8371040723981901,0.9494160107092078,False,137.5483935546875,35.81636265191557,14.609532032828163,15.621139755716111,34.440800335905635,31.993102260444118,38.1933,221
clearance_microsome_az,regression,cluster,0,0.7737556561085973,0.7601809954751131,0.9684324821425385,False,124.16372680664062,38.08859129958023,19.880366214883804,25.935508562687357,40.244213142960746,35.581220320315,45.8109,221
clearance_microsome_az,regression,cluster,1,0.8642533936651584,0.8642533936651584,0.8199591930218423,False,161.61530151367188,37.5588861025081,21.72786584851352,26.634167767738827,39.16832961998416,36.530110084377434,42.4871,221
clearance_microsome_az,regression,cluster,2,0.8687782805429864,0.8914027149321267,0.8641629234669708,False,166.56568206787108,38.952156640566315,19.122706207564892,25.61182743163256,39.968670783069825,35.563544661419535,43.5145,221
clearance_microsome_az,regression,cluster,3,0.8552036199095022,0.8552036199095022,0.8914413291016298,False,153.03623962402344,37.03585365448602,17.64756338360665,24.27401374024954,38.01795535160322,34.49970575620898,40.7188,221
clearance_microsome_az,regression,cluster,4,0.8914027149321267,0.8914027149321267,0.7446002218588511,False,182.41177810668944,36.877608746489784,17.385513683627615,27.455972662485355,37.75133223598286,34.8500861121571,42.7871,221
cyp2c9_substrate_carbonmangels,classification,random,0,0.9776119402985075,0.9776119402985075,0.7988813208342116,False,1.671641791044776,0.26865671641791045,0.08159105993154003,0.23015576497363996,0.28703703703703703,0.23148148148148148,0.2388,134
cyp2c9_substrate_carbonmangels,classification,random,1,0.9104477611940298,0.9104477611940298,0.8384755413399941,False,1.3955223880597014,0.2537313432835821,0.08355528603486956,0.17272957052220259,0.25925925925925924,0.19444444444444445,0.1791,134
cyp2c9_substrate_carbonmangels,classification,random,2,0.9328358208955224,0.9402985074626866,0.8500739822149228,False,1.3059701492537314,0.16417910447761194,0.0875892851290505,0.15290033899979547,0.19444444444444445,0.12962962962962962,0.1567,134
cyp2c9_substrate_carbonmangels,classification,random,3,0.9029850746268657,0.9029850746268657,0.9695644156656648,False,1.4104477611940298,0.26865671641791045,0.1255372003328575,0.24873789711948088,0.2777777777777778,0.23148148148148148,0.2164,134
cyp2c9_substrate_carbonmangels,classification,random,4,0.9029850746268657,0.8805970149253731,0.8978244746813104,False,1.4402985074626866,0.2537313432835821,0.14173957708170326,0.1990856236992589,0.26851851851851855,0.24074074074074073,0.2612,134
cyp2c9_substrate_carbonmangels,classification,scaffold,0,0.8880597014925373,0.8880597014925373,0.9968070707037195,False,1.2686567164179106,0.2462686567164179,0.15540692286562993,0.24880711530172275,0.28703703703703703,0.19444444444444445,0.194,134
cyp2c9_substrate_carbonmangels,classification,scaffold,1,0.9626865671641791,0.9626865671641791,0.9958471309631322,False,1.6119402985074627,0.19402985074626866,0.08098805410875262,0.19544300703607262,0.21296296296296297,0.18518518518518517,0.1791,134
cyp2c9_substrate_carbonmangels,classification,scaffold,2,0.9104477611940298,0.9104477611940298,0.8300625707774512,False,1.2686567164179106,0.1865671641791045,0.11070866504635454,0.19925542307933702,0.19444444444444445,0.1574074074074074,0.1716,134
cyp2c9_substrate_carbonmangels,classification,scaffold,3,0.9253731343283582,0.9253731343283582,0.9820325759463084,False,1.4477611940298507,0.21641791044776118,0.12420745059778696,0.20519727602278107,0.2037037037037037,0.2222222222222222,0.1493,134
cyp2c9_substrate_carbonmangels,classification,scaffold,4,0.9328358208955224,0.9029850746268657,0.6051026423580007,False,1.4850746268656716,0.22388059701492538,0.11244734134745282,0.2087537561066287,0.24074074074074073,0.16666666666666666,0.1716,134
cyp2c9_substrate_carbonmangels,classification,cluster,0,0.8208955223880597,0.7835820895522388,0.8507246965428669,False,1.1343283582089552,0.2462686567164179,0.11649465423247435,0.22072489190458258,0.26851851851851855,0.19444444444444445,0.2015,134
cyp2c9_substrate_carbonmangels,classification,cluster,1,0.8955223880597015,0.8955223880597015,0.9920724477583381,False,1.3432835820895523,0.208955223880597,0.12193385122424222,0.20449476011997636,0.2222222222222222,0.1574074074074074,0.1791,134
cyp2c9_substrate_carbonmangels,classification,cluster,2,0.9552238805970149,0.9552238805970149,0.9899685287814737,False,1.6119402985074627,0.20149253731343283,0.13154309810427983,0.1929525688148698,0.2222222222222222,0.17592592592592593,0.1716,134
cyp2c9_substrate_carbonmangels,classification,cluster,3,0.9626865671641791,0.9626865671641791,0.9848880033560209,False,1.6492537313432836,0.22388059701492538,0.12670585839028395,0.20507612135688838,0.24074074074074073,0.18518518518518517,0.194,134
cyp2c9_substrate_carbonmangels,classification,cluster,4,0.8805970149253731,0.8805970149253731,0.8687533436945714,False,1.2164179104477613,0.20149253731343283,0.10412989110316065,0.18074619922540405,0.21296296296296297,0.17592592592592593,0.1343,134
cyp2c9_veith,classification,random,0,0.9049193881769326,0.9049193881769326,0.9920189059600395,False,1.2021496486151302,0.17693261678379496,0.0590549160077631,0.09821523741869737,0.15960743801652894,0.1322314049586777,0.3291,2419
cyp2c9_veith,classification,random,1,0.87474162877222,0.87474162877222,0.9979014601495122,False,1.155849524596941,0.18561389003720546,0.06573525762825615,0.09459404808781174,0.1606404958677686,0.15134297520661158,0.351,2419
cyp2c9_veith,classification,random,2,0.8900372054568003,0.8900372054568003,0.9946572259312377,False,1.1765192228193468,0.18147995039272427,0.05892500954773032,0.1024946867073663,0.1678719008264463,0.13429752066115702,0.3452,2419
cyp2c9_veith,classification,random,3,0.9148408433236874,0.9148408433236874,0.993587359301846,False,1.2199255890863994,0.16866473749483257,0.05999409051611637,0.09727278436321793,0.15289256198347106,0.12758264462809918,0.3435,2419
cyp2c9_veith,classification,random,4,0.9011988424968995,0.9016122364613477,0.9909109378783015,False,1.1996692848284416,0.17858619264158743,0.061917461601310966,0.11374588547344654,0.16580578512396693,0.13584710743801653,0.3138,2419
cyp2c9_veith,classification,scaffold,0,0.9045059942124845,0.9045059942124845,0.9917641470204145,False,1.3691608102521704,0.23398098387763538,0.10270777462083523,0.1633776126251407,0.23760330578512398,0.20454545454545456,0.4126,2419
cyp2c9_veith,classification,scaffold,1,0.8912773873501447,0.8916907813145928,0.9841667754876706,False,1.326581231914014,0.24431583298883836,0.10987744334300564,0.1782176751836442,0.24173553719008264,0.21384297520661158,0.4047,2419
cyp2c9_veith,classification,scaffold,2,0.91649441918148,0.91649441918148,0.9922541068286936,False,1.3832162050434065,0.22488631665977676,0.09930007013872319,0.15747812921033297,0.22262396694214875,0.19679752066115702,0.4051,2419
cyp2c9_veith,classification,scaffold,3,0.8792889623811493,0.8801157503100455,0.9882670806622929,False,1.2881355932203389,0.236047953699876,0.11431938385260627,0.1739029084011764,0.2381198347107438,0.20764462809917356,0.4126,2419
cyp2c9_veith,classification,scaffold,4,0.8916907813145928,0.8937577511368334,0.9968104754632764,False,1.3241008681273254,0.23480777180653162,0.10376425340474305,0.1625702313170433,0.22933884297520662,0.20557851239669422,0.4022,2419
cyp2c9_veith,classification,cluster,0,0.8788755684167011,0.8780487804878049,0.9704106877349339,False,1.2881355932203389,0.24844977263331955,0.10931266265346486,0.2231485429551034,0.26859504132231404,0.2112603305785124,0.3369,2419
cyp2c9_veith,classification,cluster,1,0.8718478710210831,0.8735014468788755,0.9469324105151917,False,1.284828441504754,0.2517569243489045,0.10912227447785468,0.2260607321468957,0.2742768595041322,0.2246900826446281,0.3369,2419
cyp2c9_veith,classification,cluster,2,0.895824720959074,0.8970649028524184,0.986654186519514,False,1.3360892930963209,0.25547747002893756,0.11042090850733793,0.22319615361347891,0.27117768595041325,0.22055785123966942,0.3427,2419
cyp2c9_veith,classification,cluster,3,0.8883836295990079,0.8883836295990079,0.9678434997162031,False,1.329474989665151,0.2563042579578338,0.10712867447303634,0.24251407569958133,0.2794421487603306,0.22004132231404958,0.3481,2419
cyp2c9_veith,classification,cluster,4,0.8726746589499793,0.8743282348077718,0.9462009192027587,False,1.2943365026870608,0.2509301364200083,0.10968166242772233,0.2274666974741526,0.2706611570247934,0.2190082644628099,0.3543,2419
cyp2d6_substrate_carbonmangels,classification,random,0,0.9402985074626866,0.917910447761194,0.7996263286193265,False,1.5,0.23134328358208955,0.09012256647979527,0.14581608525526019,0.23148148148148148,0.17592592592592593,0.2388,134
cyp2d6_substrate_carbonmangels,classification,random,1,0.9402985074626866,0.9402985074626866,0.9799925082658637,False,1.455223880597015,0.23134328358208955,0.0877840403780745,0.16311668132589247,0.23148148148148148,0.19444444444444445,0.2836,134
cyp2d6_substrate_carbonmangels,classification,random,2,0.9626865671641791,0.9626865671641791,0.9811455741929134,False,1.6194029850746268,0.26119402985074625,0.10214002845433073,0.14787451506716498,0.2777777777777778,0.2222222222222222,0.209,134
cyp2d6_substrate_carbonmangels,classification,random,3,0.9029850746268657,0.9029850746268657,0.7723878163844383,False,1.3582089552238805,0.2537313432835821,0.11577862343103024,0.16495795842382052,0.25,0.18518518518518517,0.291,134
cyp2d6_substrate_carbonmangels,classification,random,4,0.7910447761194029,0.7835820895522388,0.9613289222241412,False,1.1343283582089552,0.27611940298507465,0.10555509090176805,0.15496988419968766,0.2962962962962963,0.21296296296296297,0.3134,134
cyp2d6_substrate_carbonmangels,classification,scaffold,0,0.8805970149253731,0.8805970149253731,0.9768416069165328,False,1.3134328358208955,0.2835820895522388,0.11973822921283145,0.15719001634426572,0.25,0.21296296296296297,0.2985,134
cyp2d6_substrate_carbonmangels,classification,scaffold,1,0.9104477611940298,0.9104477611940298,0.7794102667189949,False,1.4328358208955223,0.26119402985074625,0.13192332712739618,0.16008612254151566,0.26851851851851855,0.2222222222222222,0.2463,134
cyp2d6_substrate_carbonmangels,classification,scaffold,2,0.8805970149253731,0.8805970149253731,0.9841010064589928,False,1.3208955223880596,0.2537313432835821,0.08234341763063882,0.13334059539480334,0.26851851851851855,0.2037037037037037,0.2388,134
cyp2d6_substrate_carbonmangels,classification,scaffold,3,0.9776119402985075,0.9776119402985075,0.7635842289328406,False,1.6417910447761195,0.23880597014925373,0.08662813675773294,0.1608405549275638,0.25,0.19444444444444445,0.2239,134
cyp2d6_substrate_carbonmangels,classification,scaffold,4,0.9029850746268657,0.9029850746268657,0.8776135249696407,False,1.507462686567164,0.31343283582089554,0.12262773096681727,0.20280375810471674,0.3148148148148148,0.26851851851851855,0.2687,134
cyp2d6_substrate_carbonmangels,classification,cluster,0,0.8582089552238806,0.8582089552238806,0.7358029543526757,False,1.4776119402985075,0.3208955223880597,0.19131341589925127,0.28195172164454785,0.32407407407407407,0.26851851851851855,0.306,134
cyp2d6_substrate_carbonmangels,classification,cluster,1,0.9104477611940298,0.8955223880597015,0.8423979900151959,False,1.544776119402985,0.27611940298507465,0.1421732239003281,0.28160791698864746,0.28703703703703703,0.2222222222222222,0.2612,134
cyp2d6_substrate_carbonmangels,classification,cluster,2,0.917910447761194,0.9104477611940298,0.8685664965979603,False,1.6343283582089552,0.31343283582089554,0.18878656497891738,0.2882577932755482,0.35185185185185186,0.28703703703703703,0.3209,134
cyp2d6_substrate_carbonmangels,classification,cluster,3,0.9477611940298507,0.9477611940298507,0.8912972814170556,False,1.6865671641791045,0.35074626865671643,0.1679814000542973,0.3555073338799972,0.3888888888888889,0.3148148148148148,0.3433,134
cyp2d6_substrate_carbonmangels,classification,cluster,4,0.8656716417910447,0.8656716417910447,0.9799940370785626,False,1.492537313432836,0.31343283582089554,0.18295601264955164,0.33300483408452247,0.3425925925925926,0.28703703703703703,0.291,134
cyp2d6_veith,classification,random,0,0.9055597867479056,0.9055597867479056,0.9918977992492036,False,1.060929169840061,0.12185833968012186,0.037115153301453124,0.09553682045452705,0.11042360780580676,0.0823417420276059,0.1805,2626
cyp2d6_veith,classification,random,1,0.9002284843869002,0.9002284843869002,0.9807409358866345,False,1.0616907844630616,0.12909367859862908,0.0391899946761963,0.1061214469609728,0.12232270347453593,0.08757734412184674,0.1874,2626
cyp2d6_veith,classification,random,2,0.892993145468393,0.8899466869763899,0.9961653158222291,False,1.0586443259710587,0.13290175171363292,0.04361069374390736,0.09548163846849618,0.12375059495478344,0.08710138029509758,0.1961,2626
cyp2d6_veith,classification,random,3,0.9013709063214014,0.9013709063214014,0.9898059617789129,False,1.0826351865955826,0.13328255902513328,0.0453548521238469,0.10869008606142287,0.12613041408852926,0.09614469300333174,0.1995,2626
cyp2d6_veith,classification,random,4,0.8903274942878904,0.8891850723533892,0.9974164124673361,False,1.035034272658035,0.1268088347296268,0.04085162831069772,0.09154009519937006,0.11946692051404094,0.08043788672060924,0.1927,2626
cyp2d6_veith,classification,scaffold,0,0.8983244478293984,0.8983244478293984,0.9900884930914846,False,1.1279512566641279,0.1587966488956588,0.05828544275934535,0.13383487927751075,0.1589719181342218,0.11137553545930509,0.1992,2626
cyp2d6_veith,classification,scaffold,1,0.9013709063214014,0.9013709063214014,0.986618161486836,False,1.1466108149276466,0.1607006854531607,0.06333817408205253,0.14737041454486116,0.16230366492146597,0.1213707758210376,0.1954,2626
cyp2d6_veith,classification,scaffold,2,0.9131759329779132,0.9108910891089109,0.9792021603624081,False,1.1473724295506473,0.1507996953541508,0.052401166961478104,0.12192033972123946,0.14278914802475012,0.10138029509757258,0.2011,2626
cyp2d6_veith,classification,scaffold,3,0.9067022086824067,0.9067022086824067,0.9809474322619687,False,1.1462300076161462,0.15575019040365576,0.059474568025889095,0.11971349142083554,0.1518324607329843,0.10613993336506425,0.2072,2626
cyp2d6_veith,classification,scaffold,4,0.8983244478293984,0.8983244478293984,0.993199938640589,False,1.1222391469916222,0.15346534653465346,0.061014000853582745,0.13232050007120175,0.14992860542598763,0.10851975249881009,0.1976,2626
cyp2d6_veith,classification,cluster,0,0.8987052551408987,0.8987052551408987,0.9616749037068257,False,1.1466108149276466,0.15765422696115766,0.07770829302552971,0.13886795731445126,0.16563541170871013,0.12470252260828177,0.1805,2626
cyp2d6_veith,classification,cluster,1,0.8861386138613861,0.884996191926885,0.9492323491066004,False,1.1275704493526275,0.16336633663366337,0.07351911488612822,0.13795185551440037,0.16563541170871013,0.1213707758210376,0.1824,2626
cyp2d6_veith,classification,cluster,2,0.8846153846153846,0.8846153846153846,0.9795888099959249,False,1.1054836252856055,0.15651180502665651,0.06999753209573292,0.13966278280709354,0.1632555925749643,0.11661113755354593,0.1794,2626
cyp2d6_veith,classification,cluster,3,0.8888042650418888,0.8918507235338918,0.9323443599513642,False,1.118050266565118,0.15917745620715917,0.07073443770197141,0.1464543254365411,0.16658733936220846,0.11756306520704426,0.1843,2626
cyp2d6_veith,classification,cluster,4,0.8804265041888805,0.8808073115003808,0.9565257527294581,False,1.08987052551409,0.16222391469916222,0.07062520790638083,0.14268417092937039,0.16849119466920515,0.1213707758210376,0.1805,2626
cyp3a4_substrate_carbonmangels,classification,random,0,0.9333333333333333,0.9333333333333333,0.9965752010224563,False,1.7407407407407407,0.362962962962963,0.22512255694281452,0.26456020567247945,0.3611111111111111,0.3611111111111111,0.4815,135
cyp3a4_substrate_carbonmangels,classification,random,1,0.9185185185185185,0.9185185185185185,0.870670410578232,False,1.7555555555555555,0.362962962962963,0.2538761660139871,0.22327270595834875,0.3333333333333333,0.3425925925925926,0.4889,135
cyp3a4_substrate_carbonmangels,classification,random,2,0.9481481481481482,0.9481481481481482,0.9103309065708143,False,1.8,0.362962962962963,0.2347505127350471,0.32352100538160705,0.35185185185185186,0.35185185185185186,0.5111,135
cyp3a4_substrate_carbonmangels,classification,random,3,0.9111111111111111,0.8962962962962963,0.897407836511771,False,1.7037037037037037,0.3851851851851852,0.25456730810645056,0.23340320475917026,0.3611111111111111,0.3888888888888889,0.6074,135
cyp3a4_substrate_carbonmangels,classification,random,4,0.8740740740740741,0.8740740740740741,0.9418329241517212,False,1.5851851851851853,0.43703703703703706,0.2493127443614191,0.28544032919952084,0.42592592592592593,0.39814814814814814,0.5333,135
cyp3a4_substrate_carbonmangels,classification,scaffold,0,0.9259259259259259,0.9555555555555556,0.748609547454829,False,1.7259259259259259,0.4,0.2025937820889317,0.24032093805431515,0.4166666666666667,0.37962962962962965,0.5481,135
cyp3a4_substrate_carbonmangels,classification,scaffold,1,0.8962962962962963,0.8962962962962963,0.9766714109247256,False,1.7851851851851852,0.4074074074074074,0.29170252465014107,0.31462044949774937,0.39814814814814814,0.3333333333333333,0.5185,135
cyp3a4_substrate_carbonmangels,classification,scaffold,2,0.9777777777777777,0.9777777777777777,0.8366102836296974,False,1.8814814814814815,0.362962962962963,0.2168318626418161,0.2786232294297553,0.3888888888888889,0.3148148148148148,0.4741,135
cyp3a4_substrate_carbonmangels,classification,scaffold,3,0.9333333333333333,0.9407407407407408,0.524642181283411,False,1.7703703703703704,0.4,0.28482642442141876,0.3040970782303995,0.4074074074074074,0.39814814814814814,0.4963,135
cyp3a4_substrate_carbonmangels,classification,scaffold,4,0.9925925925925926,0.9925925925925926,0.8703228995551547,False,1.9111111111111112,0.37037037037037035,0.2191188693904182,0.24719592883712832,0.32407407407407407,0.35185185185185186,0.5111,135
cyp3a4_substrate_carbonmangels,classification,cluster,0,0.9629629629629629,0.9629629629629629,0.9891855494191749,False,1.8888888888888888,0.45185185185185184,0.24068892964833308,0.3530196232598074,0.4722222222222222,0.37962962962962965,0.4889,135
cyp3a4_substrate_carbonmangels,classification,cluster,1,0.8666666666666667,0.8666666666666667,0.8005196332098373,False,1.5851851851851853,0.4074074074074074,0.2855058283427126,0.34305706904340166,0.42592592592592593,0.3888888888888889,0.4815,135
cyp3a4_substrate_carbonmangels,classification,cluster,2,0.9111111111111111,0.9111111111111111,0.9870933958355311,False,1.8222222222222222,0.4666666666666667,0.30116764986369093,0.33836783754921873,0.5,0.46296296296296297,0.4444,135
cyp3a4_substrate_carbonmangels,classification,cluster,3,0.8592592592592593,0.8814814814814815,0.613082093586646,False,1.674074074074074,0.4444444444444444,0.3104107192883649,0.37048905997808484,0.46296296296296297,0.42592592592592593,0.4074,135
cyp3a4_substrate_carbonmangels,classification,cluster,4,0.8444444444444444,0.8222222222222222,0.8653309137331484,False,1.6222222222222222,0.5185185185185185,0.2976564511402474,0.3089446817520233,0.5185185185185185,0.48148148148148145,0.4741,135
cyp3a4_veith,classification,random,0,0.906769355492501,0.906769355492501,0.9978279890588048,False,1.232671260640454,0.18565058775841103,0.07166537921284943,0.11672481053043351,0.17274569402228976,0.146403242147923,0.3989,2467
cyp3a4_veith,classification,random,1,0.9023104985812728,0.9023104985812728,0.9891001580456212,False,1.1884880421564654,0.1767328739359546,0.06614391726285312,0.11506427031662815,0.16717325227963525,0.14792299898682879,0.4183,2467
cyp3a4_veith,classification,random,2,0.891366031617349,0.8877178759627078,0.9873572860107473,False,1.1884880421564654,0.19335224969598702,0.06397726256395356,0.11712199562188905,0.1752786220871327,0.14387031408308004,0.4049,2467
cyp3a4_veith,classification,random,3,0.892176732873936,0.892176732873936,0.9923625727289439,False,1.201053911633563,0.1876773408998784,0.07194963190507347,0.1255938289555168,0.1778115501519757,0.1469098277608916,0.4139,2467
cyp3a4_veith,classification,random,4,0.9100121605188488,0.9100121605188488,0.9918846171295002,False,1.233481961897041,0.18727199027158492,0.06797290537388012,0.13031815697761598,0.18439716312056736,0.14994934143870314,0.396,2467
cyp3a4_veith,classification,scaffold,0,0.9177138224564249,0.9177138224564249,0.99693437108813,False,1.3425212809079854,0.224969598702878,0.08947819275354998,0.1534091951753786,0.22137791286727457,0.19199594731509625,0.4321,2467
cyp3a4_veith,classification,scaffold,1,0.9092014592622618,0.9104175111471423,0.9901417754333863,False,1.342115930279692,0.23307661126874746,0.09159122059228969,0.1609358274207425,0.23100303951367782,0.1950354609929078,0.4333,2467
cyp3a4_veith,classification,scaffold,2,0.8986623429266315,0.8986623429266315,0.9938447202765085,False,1.3092825293879204,0.23064450749898663,0.09167764037592682,0.16601102414790955,0.23049645390070922,0.1955420466058764,0.4285,2467
cyp3a4_veith,classification,scaffold,3,0.8832590190514795,0.8820429671665991,0.9912438868374502,False,1.2999594649371706,0.24158897446291042,0.09762006903233614,0.17334398433869977,0.23556231003039513,0.20972644376899696,0.4301,2467
cyp3a4_veith,classification,scaffold,4,0.8816376165383056,0.8808269152817186,0.9896843927443071,False,1.2732063234698014,0.24118362383461694,0.09361723495118425,0.16466226475580725,0.24113475177304963,0.20466058763931105,0.4171,2467
cyp3a4_veith,classification,cluster,0,0.9010944466963924,0.899878394811512,0.9295322084893153,False,1.3100932306445074,0.22456424807458453,0.08439923746596548,0.2046610538726298,0.24569402228976697,0.18591691995947315,0.3048,2467
cyp3a4_veith,classification,cluster,1,0.892176732873936,0.8901499797324686,0.9551823491875926,False,1.2898256992298338,0.23145520875557357,0.08301501705659844,0.20722417092910408,0.24974670719351572,0.182370820668693,0.3089,2467
cyp3a4_veith,classification,cluster,2,0.8946088366436968,0.8950141872719902,0.9363789415136721,False,1.2910417511147143,0.22821240372922577,0.08582703827740558,0.2056492782236092,0.24518743667679838,0.19300911854103345,0.3077,2467
cyp3a4_veith,classification,cluster,3,0.899067693554925,0.899067693554925,0.9860492581157086,False,1.305229023104986,0.2278070531009323,0.0888812810953691,0.2021249148089104,0.24822695035460993,0.1955420466058764,0.3028,2467
cyp3a4_veith,classification,cluster,4,0.9010944466963924,0.9027158492095663,0.9711516370950142,False,1.312119983785975,0.22253749493311714,0.09043813485315004,0.19674364608414785,0.24113475177304963,0.19148936170212766,0.3097,2467
dili,classification,random,0,0.9479166666666666,0.9375,0.4345267273665115,False,1.4791666666666667,0.23958333333333334,0.09780529631984497,0.15071485843354784,0.2597402597402597,0.18181818181818182,0.4375,96
dili,classification,random,1,0.9479166666666666,0.9479166666666666,0.9319281354820909,False,1.5833333333333333,0.19791666666666666,0.11442007459673312,0.08521544532454081,0.15584415584415584,0.16883116883116883,0.4271,96
dili,classification,random,2,0.8958333333333334,0.8958333333333334,0.8946413153927832,False,1.40625,0.25,0.10328636988648937,0.14578605003555323,0.22077922077922077,0.23376623376623376,0.4792,96
dili,classification,random,3,0.9270833333333334,0.9270833333333334,0.971010300447493,False,1.2708333333333333,0.20833333333333334,0.05168439998873535,0.1335438550443025,0.16883116883116883,0.16883116883116883,0.6146,96
dili,classification,random,4,0.875,0.7916666666666666,0.8508984715004183,False,1.2708333333333333,0.21875,0.1774679500996534,0.14375726816162365,0.2077922077922078,0.18181818181818182,0.4583,96
dili,classification,scaffold,0,0.9791666666666666,0.9791666666666666,0.9913246289022991,False,1.6145833333333333,0.22916666666666666,0.06943111430625094,0.17357930233206892,0.22077922077922077,0.15584415584415584,0.5312,96
dili,classification,scaffold,1,0.96875,0.96875,0.7758830867397811,False,1.6041666666666667,0.2708333333333333,0.09431874337117158,0.19572862368496582,0.2727272727272727,0.23376623376623376,0.4896,96
dili,classification,scaffold,2,0.8958333333333334,0.7916666666666666,0.7461461322699311,False,1.3645833333333333,0.22916666666666666,0.1352081925619429,0.11468889841559597,0.19480519480519481,0.24675324675324675,0.6354,96
dili,classification,scaffold,3,0.9375,0.9375,0.9471850131917774,False,1.5729166666666667,0.2916666666666667,0.13929619738995763,0.20389663499247473,0.2727272727272727,0.2727272727272727,0.625,96
dili,classification,scaffold,4,0.9583333333333334,0.9479166666666666,0.6785327031374982,False,1.7291666666666667,0.2916666666666667,0.10084596993621202,0.22084813650730656,0.2727272727272727,0.23376623376623376,0.5729,96
dili,classification,cluster,0,0.9479166666666666,0.9479166666666666,0.5333650530195666,False,1.71875,0.3125,0.16991170108800457,0.2557417225766404,0.2597402597402597,0.2597402597402597,0.5417,96
dili,classification,cluster,1,0.84375,0.84375,0.9918727047559108,False,1.4791666666666667,0.3125,0.2665248359573934,0.23696766007239842,0.3246753246753247,0.2987012987012987,0.5208,96
dili,classification,cluster,2,1.0,1.0,0.9116802778815716,False,1.8541666666666667,0.3333333333333333,0.13558610353378958,0.24875118438121616,0.33766233766233766,0.3116883116883117,0.5104,96
dili,classification,cluster,3,0.9791666666666666,0.9791666666666666,0.7624921509401611,False,1.7291666666666667,0.25,0.11138559506984552,0.19089757394192514,0.24675324675324675,0.22077922077922077,0.4792,96
dili,classification,cluster,4,0.90625,0.8645833333333334,0.9530943974266883,False,1.59375,0.3958333333333333,0.1542812977213106,0.37474335541445225,0.42857142857142855,0.37662337662337664,0.5208,96
half_life_obach,regression,random,0,0.9104477611940298,0.9029850746268657,0.7756907291135642,False,83.5644588470459,23.804662472098617,5.476426161347226,26.555607649506523,21.426904489420078,11.361267234042842,16.2722,134
half_life_obach,regression,random,1,0.8283582089552238,0.7910447761194029,0.720232967114136,False,52.875115966796876,33.70860195836691,4.921028982224906,26.18009304409211,29.991893789290835,7.390858776930855,27.401,134
half_life_obach,regression,random,2,0.8880597014925373,0.8880597014925373,0.6430919837773152,False,80.20469188690186,16.9080736975016,6.0872169183654385,11.616795672390255,15.49542261245351,9.574284833429589,12.7532,134
half_life_obach,regression,random,3,0.8955223880597015,0.8731343283582089,0.6538919561541043,False,98.42567253112793,23.426256923248516,5.609652684640271,10.499463207369775,19.079939120831312,14.985732297720729,16.9688,134
half_life_obach,regression,random,4,0.8955223880597015,0.8432835820895522,0.7447003494945013,False,120.87209777832031,34.11649376204655,4.225593728242725,24.55566852970105,39.311566630016884,10.53863595932722,22.0178,134
half_life_obach,regression,scaffold,0,0.9701492537313433,0.9701492537313433,0.986569592587171,False,240.81288528442383,25.355378213245142,4.028218737795901,9.796505357391027,22.924782186300245,12.907557489734689,12.0924,134
half_life_obach,regression,scaffold,1,0.8805970149253731,0.8805970149253731,0.8313228348856683,False,89.5061092376709,38.26309324797744,16.638768435211066,13.40754626866459,30.63287611192438,23.15385491185029,30.1797,134
half_life_obach,regression,scaffold,2,0.9701492537313433,0.9701492537313433,0.9690995263659812,False,153.2173080444336,22.145304997265338,3.229900565993429,12.283577916571272,23.842191045521584,10.146936937763735,10.3038,134
half_life_obach,regression,scaffold,3,0.917910447761194,0.8880597014925373,0.8298040571196619,False,117.12194061279297,29.62773211594393,6.74079997474294,19.897925207028706,32.48397712073392,14.537599674744742,15.5202,134
half_life_obach,regression,scaffold,4,0.9477611940298507,0.9104477611940298,0.8103120565794701,False,135.43710571289063,31.694023135639448,4.389520877893977,32.92071019420176,33.982860102173355,9.705776609719418,18.6034,134
half_life_obach,regression,cluster,0,0.8731343283582089,0.8059701492537313,0.8665484855436749,False,110.10523834228516,37.51342892078321,14.341225402725058,22.841928688703554,36.899124601737206,25.49872018762209,23.6745,134
half_life_obach,regression,cluster,1,0.917910447761194,0.917910447761194,0.844889579439024,False,145.1190155029297,28.927217306254516,12.50569041046414,20.07562127503427,32.55999815381236,18.43792635023594,17.3144,134
half_life_obach,regression,cluster,2,0.9626865671641791,0.9552238805970149,0.8574979655984525,False,187.1345642089844,25.805481281098142,9.302004142389379,14.672363634122442,22.58956928561682,18.468464493878464,18.3481,134
half_life_obach,regression,cluster,3,0.8134328358208955,0.8134328358208955,0.8155300576760465,False,58.823944091796875,35.41203696167069,17.49108143694633,20.638181928040567,33.862173507409516,26.128739072854323,23.1052,134
half_life_obach,regression,cluster,4,0.9776119402985075,0.9477611940298507,0.7491003266612217,False,200.9104797363281,25.47282133676223,12.641284783584275,15.279299507169345,20.640166637941643,17.032059507248576,16.6178,134
herg,classification,random,0,0.9312977099236641,0.9541984732824428,0.8952745284419078,False,1.366412213740458,0.16793893129770993,0.059958949927207544,0.10466338858932603,0.1523809523809524,0.1523809523809524,0.6947,131
herg,classification,random,1,0.9236641221374046,0.9236641221374046,0.9813233209947144,False,1.4427480916030535,0.22137404580152673,0.07574121411360224,0.12695085769429265,0.19047619047619047,0.1619047619047619,0.6412,131
herg,classification,random,2,0.916030534351145,0.916030534351145,0.902453517116449,False,1.4961832061068703,0.21374045801526717,0.16453688114527165,0.13541568772859253,0.21904761904761905,0.19047619047619047,0.6031,131
herg,classification,random,3,0.9389312977099237,0.9389312977099237,0.8881104257419384,False,1.534351145038168,0.19083969465648856,0.1090977070547727,0.07375369665050399,0.1523809523809524,0.1523809523809524,0.7023,131
herg,classification,random,4,0.9312977099236641,0.9312977099236641,0.9149206549701269,False,1.2595419847328244,0.16030534351145037,0.04128800674169556,0.09443614254012354,0.1523809523809524,0.11428571428571428,0.6947,131
herg,classification,scaffold,0,0.9541984732824428,0.8931297709923665,0.608125489934334,False,1.4961832061068703,0.183206106870229,0.08302010392390197,0.08185221814055851,0.14285714285714285,0.14285714285714285,0.6565,131
herg,classification,scaffold,1,0.9541984732824428,0.9541984732824428,0.9876302374134944,False,1.534351145038168,0.17557251908396945,0.10179670568237574,0.08173130872682356,0.1523809523809524,0.14285714285714285,0.6107,131
herg,classification,scaffold,2,0.9083969465648855,0.9083969465648855,0.9841541522854691,False,1.381679389312977,0.2748091603053435,0.08542894312629128,0.14029932902619996,0.24761904761904763,0.2,0.6031,131
herg,classification,scaffold,3,0.7862595419847328,0.8396946564885496,0.851004705719785,False,1.1068702290076335,0.2595419847328244,0.14300177525588376,0.1470635355263964,0.2571428571428571,0.22857142857142856,0.5573,131
herg,classification,scaffold,4,0.8778625954198473,0.8778625954198473,0.9033559186400462,False,1.2442748091603053,0.25190839694656486,0.0942742096330943,0.08885259322050512,0.21904761904761905,0.17142857142857143,0.5649,131
herg,classification,cluster,0,0.9312977099236641,0.8778625954198473,0.8851775082733695,False,1.6488549618320612,0.3282442748091603,0.17045585706407823,0.25005200646337533,0.3238095238095238,0.2857142857142857,0.5191,131
herg,classification,cluster,1,0.8854961832061069,0.8549618320610687,0.8427284563318767,False,1.4732824427480915,0.2824427480916031,0.13656248751201255,0.21213328608330262,0.2857142857142857,0.2571428571428571,0.4885,131
herg,classification,cluster,2,0.8396946564885496,0.8396946564885496,0.8867146942333508,False,1.4732824427480915,0.3282442748091603,0.19834709245289484,0.2673803113125312,0.3333333333333333,0.29523809523809524,0.4427,131
herg,classification,cluster,3,0.9465648854961832,0.9618320610687023,0.8760583589338303,False,1.7099236641221374,0.3435114503816794,0.1661579749854828,0.21316716161326044,0.3333333333333333,0.3047619047619048,0.4809,131
herg,classification,cluster,4,0.9236641221374046,0.9007633587786259,0.7198870071356143,False,1.618320610687023,0.2824427480916031,0.13666089083826516,0.22918507134017785,0.2761904761904762,0.2,0.4885,131
hia_hou,classification,random,0,0.9743589743589743,0.9316239316239316,0.624842319436066,False,1.0,0.02564102564102564,0.0012145961284328107,0.00780245976368942,0.02127659574468085,0.0,0.9487,117
hia_hou,classification,random,1,0.905982905982906,0.905982905982906,0.9970166738913752,False,1.0,0.09401709401709402,0.006839927209175142,0.095215227483688,0.09574468085106383,0.010638297872340425,0.8547,117
hia_hou,classification,random,2,0.9572649572649573,0.9572649572649573,0.6648598994491624,False,1.0085470085470085,0.042735042735042736,0.004505772320633546,0.056061595306694675,0.0425531914893617,0.0,0.8974,117
hia_hou,classification,random,3,0.8888888888888888,0.8888888888888888,0.9128765786708363,False,0.9230769230769231,0.07692307692307693,0.004493062216626121,0.0251101550474569,0.05319148936170213,0.010638297872340425,0.8632,117
hia_hou,classification,random,4,0.9316239316239316,0.9316239316239316,0.9949125563243034,False,0.9487179487179487,0.042735042735042736,0.0018080373523919136,0.011133790245530363,0.02127659574468085,0.010638297872340425,0.906,117
hia_hou,classification,scaffold,0,0.8717948717948718,0.8205128205128205,0.7446332171035225,False,1.0,0.1282051282051282,0.021120622556426175,0.050259843794134944,0.10638297872340426,0.05319148936170213,0.8547,117
hia_hou,classification,scaffold,1,0.9145299145299145,0.8717948717948718,0.9741330196977921,False,1.170940170940171,0.17094017094017094,0.03862969209626697,0.13321415286559773,0.13829787234042554,0.0851063829787234,0.8034,117
hia_hou,classification,scaffold,2,0.9316239316239316,0.9230769230769231,0.9864404689651226,False,1.2478632478632479,0.1111111111111111,0.04985297684505778,0.0927277455112851,0.10638297872340426,0.09574468085106383,0.8376,117
hia_hou,classification,scaffold,3,0.9487179487179487,0.9487179487179487,0.8125320083222713,False,1.0598290598290598,0.07692307692307693,0.005012144527272333,0.042569651833333805,0.06382978723404255,0.010638297872340425,0.906,117
hia_hou,classification,scaffold,4,0.9316239316239316,0.8974358974358975,0.7406871028998498,False,1.0427350427350428,0.07692307692307693,0.01527588307562735,0.08446825111830256,0.05319148936170213,0.05319148936170213,0.8376,117
hia_hou,classification,cluster,0,0.8888888888888888,0.8888888888888888,0.985352045595653,False,0.9829059829059829,0.10256410256410256,0.01855601695605169,0.05104429131505598,0.07446808510638298,0.05319148936170213,0.8547,117
hia_hou,classification,cluster,1,0.9316239316239316,0.9829059829059829,0.8019569408966623,False,1.1111111111111112,0.1111111111111111,0.008617666300024113,0.10958897358625323,0.11702127659574468,0.031914893617021274,0.8889,117
hia_hou,classification,cluster,2,0.9572649572649573,0.9572649572649573,0.834510332948928,False,1.0940170940170941,0.13675213675213677,0.009302193889368636,0.10764490746234733,0.1276595744680851,0.02127659574468085,0.8889,117
hia_hou,classification,cluster,3,0.9230769230769231,0.9230769230769231,0.9692332120499769,False,1.1282051282051282,0.15384615384615385,0.013074140504092842,0.08958131374005368,0.09574468085106383,0.06382978723404255,0.906,117
hia_hou,classification,cluster,4,0.9572649572649573,0.9572649572649573,0.9532504645325911,False,1.205128205128205,0.1111111111111111,0.033829082529745855,0.10140111259408936,0.07446808510638298,0.06382978723404255,0.8974,117
ld50_zhu,regression,random,0,0.9135466303607896,0.9121851599727706,0.9729332439287338,False,1.9684432373046876,0.45272661125814134,0.22244194434997583,0.22938077633376414,0.43334308083689893,0.4205747711155688,2.5206,1469
ld50_zhu,regression,random,1,0.899931926480599,0.8965282505105514,0.9801588897454001,False,1.944110641479492,0.45935984401798097,0.2121143927348725,0.22816469248058976,0.4322451988172095,0.42957532325055914,2.5515,1469
ld50_zhu,regression,random,2,0.9135466303607896,0.9121851599727706,0.9786269538151653,False,2.0285034866333014,0.4640313671876818,0.21935209061059144,0.2177561434169277,0.44165612592097053,0.4320129787062302,2.5309,1469
ld50_zhu,regression,random,3,0.8978897208985704,0.8978897208985704,0.9746893719420116,False,1.9683187026977542,0.46241005432132365,0.22582082148506905,0.2254345860080184,0.4442912217194801,0.4324411853762711,2.5447,1469
ld50_zhu,regression,random,4,0.8890401633764465,0.8910823689584751,0.9822633265347399,False,1.9325304946899418,0.47781988474233694,0.24364161035282977,0.21592197036109334,0.43854227141377045,0.45300977599620806,2.5408,1469
ld50_zhu,regression,scaffold,0,0.8931245745405038,0.8931245745405038,0.9919626284701563,False,2.101750644683838,0.5128007089285075,0.2529768887081618,0.24755918931840587,0.4848729408322544,0.4872333920496666,2.4032,1469
ld50_zhu,regression,scaffold,1,0.8944860449285228,0.8917631041524847,0.980595980197784,False,2.200869701385498,0.5385100684766465,0.2714719686246887,0.26050683916769424,0.5100014489410686,0.5079722979887817,2.4057,1469
ld50_zhu,regression,scaffold,2,0.911504424778761,0.9094622191967324,0.9827773396462026,False,2.2678966789245605,0.5208530322977928,0.2546078195965159,0.2512104248465583,0.49399989322334775,0.48648519259569584,2.4051,1469
ld50_zhu,regression,scaffold,3,0.9012933968686181,0.9006126616746086,0.9758385425646806,False,2.1957603912353516,0.5219903757070667,0.26173470928817255,0.2362174501363879,0.4901047042405519,0.4920294219936644,2.4288,1469
ld50_zhu,regression,scaffold,4,0.899931926480599,0.8965282505105514,0.9846284303452423,False,2.1115179481506345,0.5136887341097475,0.26455228895848487,0.2594097976755142,0.48167335894561936,0.4876960486343938,2.3798,1469
ld50_zhu,regression,cluster,0,0.8672566371681416,0.8672566371681416,0.9760769109290687,False,2.2291289558410643,0.5912651901569718,0.29191543545202675,0.2707711704060192,0.5516175279276705,0.5643400033363671,2.4224,1469
ld50_zhu,regression,cluster,1,0.8904016337644656,0.8904016337644656,0.9462820746162904,False,2.3948371276855465,0.580670507254448,0.29216713252391713,0.2747109484353413,0.5379489139853689,0.5528232266465011,2.4287,1469
ld50_zhu,regression,cluster,2,0.8577263444520081,0.8570456092579987,0.9634695190119573,False,2.091963001251221,0.5811172061982489,0.2962794406075529,0.27548964528001657,0.5418974386161687,0.5459274938033541,2.4309,1469
ld50_zhu,regression,cluster,3,0.9074200136147039,0.9012933968686181,0.919161931204323,False,2.421563388824463,0.5670553637089739,0.28231651050142853,0.27198251939031864,0.5281483983133924,0.530423904922543,2.428,1469
ld50_zhu,regression,cluster,4,0.8815520762423418,0.8815520762423418,0.9477487520537221,False,2.2419894180297852,0.575089537980201,0.30890269270803994,0.27628878785052613,0.5327981938991411,0.551067889200586,2.4387,1469
lipophilicity_astrazeneca,regression,random,0,0.8988095238095238,0.9047619047619048,0.9595117119611407,False,2.6174294471740724,0.5976371928660442,0.25197865318961965,0.23958591052026573,0.5454022522680904,0.5403645328864723,2.1363,840
lipophilicity_astrazeneca,regression,random,1,0.8928571428571429,0.8916666666666667,0.9822224596616884,False,2.625960330963135,0.6028036324930421,0.2748302816263032,0.2431333514393878,0.5366471138266685,0.5583588255440728,2.2192,840
lipophilicity_astrazeneca,regression,random,2,0.9095238095238095,0.9107142857142857,0.9812411272670087,False,2.662570762634277,0.6006545514014682,0.2923971135533696,0.2178204294536228,0.5434611716458475,0.5770972279361675,2.2302,840
lipophilicity_astrazeneca,regression,random,3,0.9321428571428572,0.9321428571428572,0.9548286424465805,False,2.947502088546753,0.6011678370454728,0.2623474037451834,0.20196905986804922,0.5133455751244883,0.5620588660455912,2.1926,840
lipophilicity_astrazeneca,regression,random,4,0.8821428571428571,0.8821428571428571,0.9786700628025247,False,2.436106300354004,0.5999738773461722,0.2887825573739624,0.2365332567067339,0.5402694936734542,0.5567115893952602,2.1186,840
lipophilicity_astrazeneca,regression,scaffold,0,0.8892857142857142,0.8904761904761904,0.9536101454146254,False,3.0851539134979244,0.7588267523608214,0.3494457698956181,0.30038028083495366,0.7029741148699432,0.7117514036920672,2.2061,840
lipophilicity_astrazeneca,regression,scaffold,1,0.9095238095238095,0.9095238095238095,0.9911817569649288,False,3.0298155784606933,0.7123391699065632,0.34732300206325073,0.28769254762850216,0.6507468283764326,0.6836378950630093,2.2764,840
lipophilicity_astrazeneca,regression,scaffold,2,0.9095238095238095,0.8964285714285715,0.9851407578623496,False,3.018094320297241,0.7035353961155439,0.35278700207419106,0.2854269362638762,0.6407728963546525,0.6702518309556899,2.2724,840
lipophilicity_astrazeneca,regression,scaffold,3,0.9345238095238095,0.9345238095238095,0.97476333947438,False,3.251330966949463,0.7086990941246706,0.3643305357788186,0.28541886675899153,0.6510978964239448,0.6848457079101352,2.2226,840
lipophilicity_astrazeneca,regression,scaffold,4,0.8940476190476191,0.8940476190476191,0.9734270580948493,False,3.0935599172115325,0.7301338925434364,0.3722343557009285,0.2988543341060557,0.6766300542721344,0.6909336481582639,2.2623,840
lipophilicity_astrazeneca,regression,cluster,0,0.8523809523809524,0.8547619047619047,0.9397796299735638,False,3.3544081687927245,0.9304132537792126,0.4901053065151167,0.45049435299552926,0.9002763280299091,0.925853715923926,2.046,840
lipophilicity_astrazeneca,regression,cluster,1,0.8869047619047619,0.8952380952380953,0.8692494000244295,False,3.6458316707611083,0.9306136084842895,0.4696717656996497,0.4395959412658635,0.9086906928693252,0.9163536076229954,2.0516,840
lipophilicity_astrazeneca,regression,cluster,2,0.9011904761904762,0.9035714285714286,0.9393417472847979,False,3.735251216888428,0.9118276405049756,0.5182900707153699,0.4548198204395435,0.8827719247073956,0.9063544566948203,2.076,840
lipophilicity_astrazeneca,regression,cluster,3,0.8964285714285715,0.8964285714285715,0.898618060479345,False,3.663596134185791,0.9118739092115401,0.509279834024351,0.41912925317896116,0.8810482912734601,0.8752077781852521,2.0694,840
lipophilicity_astrazeneca,regression,cluster,4,0.8773809523809524,0.8857142857142857,0.9498371388209669,False,3.6229011154174806,0.9332408167895462,0.50749715493674,0.44122636061391496,0.9018096869982164,0.9385253216898344,2.0851,840
pgp_broccatelli,classification,random,0,0.8888888888888888,0.8888888888888888,0.98752760681418,False,1.0987654320987654,0.1522633744855967,0.04702221509277632,0.0722162022237404,0.15897435897435896,0.1076923076923077,0.5267,243
pgp_broccatelli,classification,random,1,0.8847736625514403,0.8930041152263375,0.9094839209220584,False,1.0617283950617284,0.13168724279835392,0.0333738949911096,0.05879977343547759,0.11794871794871795,0.08205128205128205,0.5679,243
pgp_broccatelli,classification,random,2,0.9053497942386831,0.9053497942386831,0.9634416609798575,False,1.123456790123457,0.13991769547325103,0.04891264724300179,0.05181009888733036,0.13846153846153847,0.08205128205128205,0.5473,243
pgp_broccatelli,classification,random,3,0.8888888888888888,0.8888888888888888,0.9784404796280943,False,1.1152263374485596,0.16049382716049382,0.0384917933120851,0.06996982837942227,0.15897435897435896,0.10256410256410256,0.5144,243
pgp_broccatelli,classification,random,4,0.9135802469135802,0.9135802469135802,0.9806137406040761,False,1.0781893004115226,0.11934156378600823,0.04254661936430256,0.05435392943218731,0.12307692307692308,0.08717948717948718,0.5432,243
pgp_broccatelli,classification,scaffold,0,0.9506172839506173,0.9506172839506173,0.9696966910196653,False,1.382716049382716,0.1934156378600823,0.05972700234946149,0.09067436723700492,0.18461538461538463,0.14871794871794872,0.4321,243
pgp_broccatelli,classification,scaffold,1,0.8847736625514403,0.823045267489712,0.9667319689857107,False,1.1522633744855968,0.20164609053497942,0.05365747733447716,0.07752738170883247,0.19487179487179487,0.11282051282051282,0.4733,243
pgp_broccatelli,classification,scaffold,2,0.9135802469135802,0.9135802469135802,0.9499333428840586,False,1.2510288065843622,0.20164609053497942,0.04647228201896261,0.09423723364496378,0.19487179487179487,0.13333333333333333,0.4897,243
pgp_broccatelli,classification,scaffold,3,0.9465020576131687,0.9506172839506173,0.959968779728685,False,1.3127572016460904,0.1728395061728395,0.04418871046894046,0.08531296649629737,0.15897435897435896,0.09743589743589744,0.4239,243
pgp_broccatelli,classification,scaffold,4,0.8271604938271605,0.8271604938271605,0.984609847684998,False,1.1358024691358024,0.23868312757201646,0.09888315056803323,0.12248388631966867,0.23076923076923078,0.18461538461538463,0.4444,243
pgp_broccatelli,classification,cluster,0,0.9135802469135802,0.9135802469135802,0.9874044696021069,False,1.337448559670782,0.20987654320987653,0.09114132118313845,0.21671135256830776,0.22564102564102564,0.16923076923076924,0.2263,243
pgp_broccatelli,classification,cluster,1,0.9300411522633745,0.9218106995884774,0.8382233598764895,False,1.3621399176954732,0.18930041152263374,0.08861858743454079,0.18215199982845512,0.20512820512820512,0.13846153846153847,0.2181,243
pgp_broccatelli,classification,cluster,2,0.9300411522633745,0.9382716049382716,0.9695778157375332,False,1.3497942386831276,0.17695473251028807,0.09563368915561099,0.1782331011610699,0.18461538461538463,0.1641025641025641,0.2181,243
pgp_broccatelli,classification,cluster,3,0.9094650205761317,0.9094650205761317,0.9527709255280623,False,1.3045267489711934,0.20164609053497942,0.09070953154995864,0.20135201957489804,0.2153846153846154,0.15384615384615385,0.214,243
pgp_broccatelli,classification,cluster,4,0.9094650205761317,0.8888888888888888,0.8002397110996473,False,1.2962962962962963,0.19753086419753085,0.08816979868771163,0.19929634754025236,0.21025641025641026,0.15384615384615385,0.2181,243
ppbr_az,regression,random,0,0.9030470914127424,0.9196675900277008,0.9719550736411765,False,51.02569213867187,9.966876036836831,3.6151634424410863,4.053055205908737,8.25690288240109,8.482075191792596,87.7341,361
ppbr_az,regression,random,1,0.8864265927977839,0.8864265927977839,0.9785782315057827,False,49.3718130493164,10.312223810479471,3.908875047230623,4.326622083066259,8.831262410904165,8.732151431249774,86.1495,361
ppbr_az,regression,random,2,0.9279778393351801,0.9085872576177285,0.9030491569336904,False,55.482442626953116,10.194750388753933,3.4672157404581956,4.128507789879906,8.49928816957045,8.341592002437466,86.3187,361
ppbr_az,regression,random,3,0.8753462603878116,0.8753462603878116,0.9611860808603062,False,43.62759887695313,9.747544315736159,3.687418109898622,4.066572146411692,7.83702976611357,8.177726545252465,85.6917,361
ppbr_az,regression,random,4,0.9196675900277008,0.9224376731301939,0.9136633307901952,False,54.47536315917969,10.063494771772476,3.964928746709959,4.358503809170704,8.292465220731845,8.134804197740392,86.5226,361
ppbr_az,regression,scaffold,0,0.8947368421052632,0.8947368421052632,0.9396262513812901,False,56.83968627929687,11.947215842601887,5.358868604964274,5.350860181649494,10.374453032426489,11.060416822598462,84.2937,361
ppbr_az,regression,scaffold,1,0.8808864265927978,0.8836565096952909,0.9518894973394367,False,53.1229852294922,11.91877559883773,4.390763602719586,5.401565191796406,10.745901582711292,10.427632318692503,85.021,361
ppbr_az,regression,scaffold,2,0.9279778393351801,0.9307479224376731,0.9884724181749862,False,61.887266845703124,11.777647880490797,5.030068453772836,5.42303726342505,10.221777089436852,10.667506966772375,86.3616,361
ppbr_az,regression,scaffold,3,0.8725761772853186,0.8725761772853186,0.951463322934102,False,51.504999999999995,11.708637454102464,4.618184187710379,5.776981067338144,10.911118048433618,10.617377280616985,86.0191,361
ppbr_az,regression,scaffold,4,0.8864265927977839,0.8864265927977839,0.9225029007505847,False,52.3793280029297,12.184449511639848,4.692912687509427,5.375481822070748,10.78326555421471,10.566644540542553,86.628,361
ppbr_az,regression,cluster,0,0.8476454293628809,0.8698060941828255,0.9182145026805539,False,66.79335144042969,15.154373481447566,9.382166163252233,8.109839475122053,14.200799715070712,14.997592851931394,82.4013,361
ppbr_az,regression,cluster,1,0.8199445983379502,0.8199445983379502,0.9872133781148391,False,60.62335937500001,16.118192457091666,9.2155782469789,8.175230279449453,15.124696544396429,15.0520348110881,82.4187,361
ppbr_az,regression,cluster,2,0.8310249307479224,0.8310249307479224,0.8607881825966259,False,61.758541870117185,16.15094139077987,8.032871818787449,8.14622056964578,15.37422209760584,14.559930009852902,82.3327,361
ppbr_az,regression,cluster,3,0.8781163434903048,0.8781163434903048,0.9159257762775234,False,76.66740539550781,14.97482051733128,8.628893398656805,7.725902585906843,14.339877011520223,14.52127808708359,83.4444,361
ppbr_az,regression,cluster,4,0.8642659279778393,0.8642659279778393,0.9652392943839558,False,66.0939306640625,15.799720891105391,8.261920296805247,8.359586068679917,14.775016224475054,14.368592347493768,82.4356,361
solubility_aqsoldb,regression,random,0,0.9163745618427641,0.9168753129694541,0.9844604169042731,False,4.679809825134278,0.9910385544772974,0.5583186085076348,0.46995363736191276,0.8991640129618653,0.923467029090634,-2.91,1997
solubility_aqsoldb,regression,random,1,0.9088632949424136,0.9088632949424136,0.9841104984322318,False,4.359755052375793,0.9699755122702293,0.587032000123787,0.4786919164706179,0.8973939798761141,0.9109897635235646,-2.8506,1997
solubility_aqsoldb,regression,random,2,0.8748122183274912,0.8708062093139709,0.9818403946367898,False,4.015202616500854,1.0187051689617033,0.5818793627811287,0.5105052653488618,0.9141121975161443,0.9797355581494734,-2.8819,1997
solubility_aqsoldb,regression,random,3,0.9108662994491737,0.9108662994491737,0.9887846682403449,False,4.356347301483154,0.9488822568923982,0.5476895693098353,0.5027223481083944,0.8866866952939575,0.9004379937851416,-2.8402,1997
solubility_aqsoldb,regression,random,4,0.9038557836755132,0.9038557836755132,0.9929853915928312,False,4.246279756355566,0.9490658021484495,0.5277989058697851,0.4406547275385523,0.8742966677202335,0.9112350417386995,-2.806,1997
solubility_aqsoldb,regression,scaffold,0,0.900851276915373,0.8963445167751627,0.972165944161919,False,5.357986422652246,1.2129073477031893,0.6900384317597531,0.6767761731428997,1.1404321203413554,1.1683891464555665,-2.4698,1997
solubility_aqsoldb,regression,scaffold,1,0.901352028042063,0.899849774661993,0.9935771367157619,False,5.389824694739456,1.2392684341052542,0.7344181239802801,0.7172339111522521,1.1378637691434266,1.1942002809296075,-2.4467,1997
solubility_aqsoldb,regression,scaffold,2,0.8903355032548823,0.8913370055082624,0.979938806262555,False,5.222979145050049,1.2439566885091975,0.8241296452166271,0.7013848290800189,1.136580415702521,1.218924936476614,-2.545,1997
solubility_aqsoldb,regression,scaffold,3,0.8838257386079119,0.8838257386079119,0.9904561021781157,False,5.218070442103369,1.2510200807450729,0.6986986961905621,0.6769956967404573,1.1811181909111148,1.2032393427625678,-2.4708,1997
solubility_aqsoldb,regression,scaffold,4,0.9113670505758638,0.9113670505758638,0.988927108399538,False,5.349156036376954,1.1872423863655934,0.632915684728527,0.6787153673349821,1.1167099883577154,1.1390414359304182,-2.3765,1997
solubility_aqsoldb,regression,cluster,0,0.8632949424136205,0.8592889334001002,0.9429833842714165,False,5.1753450492960695,1.4089884439092775,0.988754062542605,0.6110209373501745,1.268888056274545,1.3806463517157046,-2.6378,1997
solubility_aqsoldb,regression,cluster,1,0.85728592889334,0.8472709063595393,0.9444970747014015,False,5.106362078422412,1.4152419874784006,1.0031416379856568,0.6075456402531119,1.2674296980118822,1.39175936764202,-2.6251,1997
solubility_aqsoldb,regression,cluster,2,0.8377566349524287,0.8377566349524287,0.9252528268767947,False,4.919934008789062,1.4227155569176595,0.9671982679466604,0.6254180802808982,1.2900607742228418,1.4017553674096617,-2.6359,1997
solubility_aqsoldb,regression,cluster,3,0.8372558838257386,0.8422633950926389,0.9483059145212828,False,4.788981448364257,1.4259284912059558,1.0254287064415002,0.6239293648001464,1.2808594253658816,1.392574295912701,-2.6577,1997
solubility_aqsoldb,regression,cluster,4,0.8367551326990486,0.8367551326990486,0.924915223223513,False,4.846540221464014,1.4247896356389433,0.9956738555254485,0.6114262170921856,1.2733863402452565,1.4075365338110917,-2.6428,1997
vdss_lombardo,regression,random,0,0.820627802690583,0.820627802690583,0.9297199000342256,False,12.30683879852295,7.7018749734466985,1.3147191283814064,11.075107630272603,8.624295449686036,3.183757354624819,4.7534,223
vdss_lombardo,regression,random,1,0.8789237668161435,0.8789237668161435,0.8604879638264156,False,13.319737243652344,3.1941838744536644,0.9816485167083575,2.111462045401046,3.143012683714569,2.522773788196749,3.0909,223
vdss_lombardo,regression,random,2,0.9282511210762332,0.9282511210762332,0.884772420750474,False,21.936864852905273,5.304334394518503,0.7539704750631697,3.263614977038622,5.173303039837314,2.370481879296167,3.1238,223
vdss_lombardo,regression,random,3,0.8878923766816144,0.8878923766816144,0.9926937934264326,False,15.804454803466797,4.307310032687012,0.5991490921761805,3.2122856441525434,4.336054981845591,2.0675966567552364,2.9887,223
vdss_lombardo,regression,random,4,0.9013452914798207,0.9013452914798207,0.8817193469585711,False,15.19356632232666,3.296500069034607,1.0359430257320679,2.0920680559740923,2.7975029269218776,2.165505210435091,3.0871,223
vdss_lombardo,regression,scaffold,0,0.8609865470852018,0.874439461883408,0.8809872020964596,False,15.232232284545898,4.768047081539115,1.5433940309985867,3.4576465862754873,4.962634366067676,2.9282559905933763,3.5217,223
vdss_lombardo,regression,scaffold,1,0.9013452914798207,0.9013452914798207,0.9836276363952143,False,20.63628234863281,3.883981849582105,1.4759174637932837,2.349523265200407,3.702487721028815,3.0918660509605065,3.9531,223
vdss_lombardo,regression,scaffold,2,0.874439461883408,0.874439461883408,0.9837868986092497,False,21.102368545532226,4.861310029704407,1.2125444606481892,3.127454293156782,4.8603020571342865,2.753507560712581,3.2177,223
vdss_lombardo,regression,scaffold,3,0.9103139013452914,0.9103139013452914,0.9397285987567924,False,17.21024990081787,3.509477027197339,1.3270493841315876,3.118791352008148,3.615959862500283,3.05050720861806,3.2501,223
vdss_lombardo,regression,scaffold,4,0.905829596412556,0.8923766816143498,0.9412061439785333,False,20.78290451049805,4.574878001830838,1.162748458770122,3.244019275454657,4.893093885295301,2.56623356957051,3.2821,223
vdss_lombardo,regression,cluster,0,0.8968609865470852,0.9237668161434978,0.9872712569385104,False,26.312561492919922,5.778229919014489,1.686083879166445,4.033245733875074,5.649345506343091,3.812117128212358,3.6978,223
vdss_lombardo,regression,cluster,1,0.8834080717488789,0.8834080717488789,0.9041967315385838,False,26.475898056030275,5.915507609909025,1.968117155868721,5.024832336809192,6.227441287367869,3.8128992873471867,3.4865,223
vdss_lombardo,regression,cluster,2,0.9192825112107623,0.9192825112107623,0.9055602686433099,False,27.853494262695314,5.2410642986291665,1.4345862503706828,3.7479615270381306,5.267402692614282,3.202854536652524,3.2743,223
vdss_lombardo,regression,cluster,3,0.8968609865470852,0.8968609865470852,0.9536810728059836,False,25.762054443359375,5.99253454090401,1.9340375822433202,5.931728094328614,6.307225942485568,3.273275254047865,3.1968,223
vdss_lombardo,regression,cluster,4,0.9506726457399103,0.9506726457399103,0.8693601315195508,False,40.09702682495117,4.653825854162097,1.1316706467077167,3.0466156440047207,4.771334908340107,3.1888762382390867,2.7138,223
